Basketball,Football,Cricket,Kabaddi
Kobe Bryant,Lionel Messi,Sachin Tendulkar,Jaideep Dahiya
Lebron James,Cristiano Ronaldo,Rohit Sharma,Ashu Malik
Stephen Curry,Neymar Jr.,Virat Kohli,Sultan Atrachali
Kevin Durant,Luis Suarez,Adam Gilchrist,Showstopper Shadloui
Devin Booker,Luis Felipe,Ricky Ponting,Devank Dalal
Tyrese Haliburton,Diogo Jota,Steve Waugh,Himanshu Singh
Antony Edwards,Mohammed Salah,Mark Waugh,Arjun Deshwal
Jayson Tatum,Kylian Mbappe,Brian Lara,Fazel Atrachali
Damian Lillard,Harry Kane,Jacques Kallis,Pawan Sehrawat
Kyrie Irving,Robert Lewandowski,Kumar Sangakkara,Manjeet Chhillar
James Harden,Kevin De Bruyne,MS Dhoni,Ajay Thakur
Nikola Jokic,Erling Haaland,AB de Villiers,Nitesh Kumar
Giannis Antetokounmpo,Karim Benzema,Chris Gayle,Deepak Hooda
Joel Embiid,Luka Modric,Glenn McGrath,Sandeep Narwal
Kawhi Leonard,Toni Kroos,Brett Lee,Rahul Chaudhari
Anthony Davis,Sergio Ramos,Shane Warne,Anup Kumar
Jimmy Butler,Vinicius Junior,Mitchell Starc,Parvesh Bhainswal
Donovan Mitchell,Jude Bellingham,Joe Root,Sunil Narwal
Paul George,Antoine Griezmann,Kane Williamson,Dabang Naveen Kumar
Russell Westbrook,Paulo Dybala,Babar Azam,Saurabh Nandal
Zion Williamson,Joao Felix,Quinton de Kock,Gurpreet Singh
Trae Young,Phil Foden,David Warner,Ajay Kumar
Shai Gilgeous-Alexander,Oleksandr Zinchenko,Rishabh Pant,Mohit Chhillar
Jaylen Brown,Bruno Fernandes,Shubman Gill,Vishal Bhardwaj
Pascal Siakam,Rodri,Hardik Pandya,Amit Hooda
Scoot Henderson,Alejandro Garnacho,Yashasvi Jaiswal,Surjeet Singh
Chet Holmgren,Jeremy Doku,Shreyas Iyer,Gajanan Barve
Paolo Banchero,Marcus Rashford,KL Rahul,Ravi Kumar
Cade Cunningham,Richarlison,Suryakumar Yadav,Mukesh Kumar
Jalen Brunson,Jack Grealish,Ravindra Jadeja,Sachin Tanwar
Ja Morant,Martin Odegaard,Shakib Al Hasan,Vishal Mane
Devin Booker,Riyad Mahrez,Jason Holder,Neeraj Kumar
Bradley Beal,Casemiro,Ambati Rayudu,Maninder Singh
CJ McCollum,Mason Mount,Kane Williamson,Ashish Singh
Zach LaVine,Gabriel Martinelli,Ruturaj Gaikwad,Rajesh Singh
Buddy Hield,Jadon Sancho,Shreyas Iyer,Anil Kumar
Klay Thompson,Philippe Coutinho,Mayank Agarwal,Sunil Kumar
Michael Porter Jr.,Neymar Jr.,Shubman Gill,Rajveer Singh
De'Aaron Fox,Angel Di Maria,Yuzvendra Chahal,Praveen Kumar
Malcolm Brogdon,Christian Pulisic,Prithvi Shaw,Pavan Kumar
Dejounte Murray,Phil Foden,Cheteshwar Pujara,Mehtab Singh
Fred VanVleet,Joao Felix,Vijay Shankar,Deepak Sehrawat
Malik Beasley,Roberto Firmino,Washington Sundar,Amit Hooda
OG Anunoby,Hakim Ziyech,Krunal Pandya,Sunil Kumar
Jrue Holiday,James Maddison,Ravichandran Ashwin,Pardeep Narwal
Jarrett Allen,Cody Gakpo,Varun Chakravarthy,Pawan Sehrawat
Bam Adebayo,Christian Eriksen,Mohammed Siraj,Sukhveer Singh
John Collins,Moussa Diaby,Washington Sundar,Gajanan Barve
Clint Capela,Alexis Mac Allister,Deepak Hooda,Anup Kumar
Jarvis Hayes,Giovani Lo Celso,Harshal Patel,Rahul Chaudhari
Kevin Love,Cristian Tello,Shivam Dube,Manjeet Chhillar
Gary Trent Jr.,Victor Osimhen,Mohammed Shami,Nitesh Kumar
Collin Sexton,Dejan Kulusevski,Bhuvneshwar Kumar,Arjun Deshwal
Darius Garland,Ander Herrera,Axar Patel,Himanshu Singh
Buddy Hield,David Alaba,Pragyan Ojha,Bala Bajrang
Jalen Green,Leon Goretzka,Jaydev Unadkat,Devank Dalal
Mitchell Robinson,Julian Alvarez,Kuldeep Yadav,Ajay Thakur
Harrison Barnes,Mario Gotze,Shreyas Iyer,Sandeep Narwal
Norman Powell,Daniel James,Ricky Ponting,Fazel Atrachali
Frank Mason III,James Ward-Prowse,Steve Waugh,Saurabh Nanda